oracle_call,neural_reward,blind_reward,single_reward,neural_silent,blind_silent
1,0.500,0.000,0.000,0,0
2,1.000,0.000,0.000,0,0
3,1.500,0.000,0.000,0,0
4,2.000,0.500,0.000,0,0
5,2.500,0.500,0.000,0,0
6,2.500,0.500,0.000,0,0
7,2.500,1.000,0.000,0,0
8,2.500,1.500,0.000,0,0
9,2.500,1.500,0.000,0,0
10,2.500,1.500,0.000,0,0
11,2.500,1.500,0.000,0,0
12,2.500,1.500,0.000,0,0
13,3.000,1.500,0.000,0,0
14,3.500,1.500,0.000,0,0
15,4.000,1.500,0.500,0,0
16,4.000,1.500,0.500,0,0
17,4.000,1.500,0.500,0,0
18,4.500,1.500,1.000,0,0
19,5.000,2.000,1.500,0,0
20,5.000,2.500,1.500,0,0
21,5.000,2.500,1.500,0,0
22,5.500,2.500,1.500,0,0
23,6.000,2.500,1.500,0,0
24,6.000,2.500,1.500,0,0
25,6.500,3.000,1.500,0,0
26,6.500,3.500,1.500,0,0
27,6.500,3.500,1.500,0,0
28,7.000,4.000,1.500,0,0
29,7.500,4.000,1.500,0,0
30,8.000,4.000,1.500,0,0
31,8.000,4.000,2.000,0,0
32,8.000,4.500,2.000,0,0
33,8.500,5.000,2.000,0,0
34,9.000,5.000,2.000,0,0
35,9.000,5.000,2.000,0,0
36,9.500,5.000,2.000,0,0
37,9.500,5.000,2.000,0,0
38,10.000,5.500,2.000,0,0
39,10.500,5.500,2.000,0,0
40,11.000,5.500,2.000,0,0
41,11.500,5.500,2.500,0,0
42,12.000,5.500,2.500,0,0
43,12.000,5.500,2.500,0,0
44,12.500,5.500,2.500,0,0
45,13.000,5.500,3.000,0,0
46,13.500,5.500,3.500,0,0
47,14.000,5.500,3.500,0,0
48,14.500,5.500,4.000,0,0
49,15.000,5.500,4.000,0,0
50,15.500,5.500,4.000,0,0
51,15.500,5.500,4.000,0,0
52,16.000,5.500,4.000,0,0
53,16.000,5.500,4.000,0,0
54,16.000,5.500,4.000,0,0
55,16.500,5.500,4.000,0,0
56,17.000,5.500,4.000,0,0
57,17.000,5.500,4.000,0,0
58,17.500,6.000,4.000,0,0
59,18.000,6.000,4.000,0,0
60,18.500,6.000,4.000,0,0
61,18.500,6.500,4.500,0,0
62,18.500,6.500,5.000,0,0
63,19.000,7.000,5.000,0,0
64,19.500,7.000,5.000,0,0
65,19.500,7.000,5.000,0,0
66,20.000,7.000,5.500,0,0
67,20.500,7.000,5.500,0,0
68,21.000,7.500,5.500,0,0
69,21.500,7.500,5.500,0,0
70,21.500,8.000,6.000,0,0
71,22.000,8.000,6.000,0,0
72,22.500,8.000,6.000,0,0
73,22.500,8.000,6.000,0,0
74,23.000,8.500,6.000,0,0
75,23.500,8.500,6.000,0,0
76,24.000,9.000,6.000,0,0
77,24.000,9.000,6.500,0,0
78,24.000,9.000,6.500,0,0
79,24.500,9.000,7.000,0,0
80,25.000,9.000,7.000,0,0
81,25.500,9.000,7.500,0,0
82,26.000,9.000,7.500,0,0
83,26.000,9.000,7.500,0,0
84,26.500,9.000,7.500,0,0
85,27.000,9.000,8.000,0,0
86,27.000,9.000,8.000,0,0
87,27.500,9.000,8.000,0,0
88,28.000,9.000,8.000,0,0
89,28.500,9.000,8.000,0,0
90,29.000,9.000,8.000,0,0
91,29.500,9.000,8.000,0,0
92,30.000,9.000,8.000,0,0
93,30.000,9.000,8.500,0,0
94,30.000,9.000,8.500,0,0
95,30.000,9.000,8.500,0,0
96,30.500,9.000,8.500,0,0
97,31.000,9.000,9.000,0,0
98,31.500,9.000,9.000,0,0
99,32.000,9.000,9.000,0,0
100,32.000,9.500,9.000,0,0
101,32.500,9.500,9.500,0,0
102,33.000,9.500,9.500,0,0
103,33.500,9.500,9.500,0,0
104,34.000,10.000,9.500,0,0
105,34.500,10.000,9.500,0,0
106,35.000,10.000,9.500,0,0
107,35.500,10.500,9.500,0,0
108,36.000,10.500,9.500,0,0
109,36.500,10.500,9.500,0,0
110,36.500,10.500,9.500,0,0
111,37.000,10.500,9.500,0,0
112,37.500,11.000,9.500,0,0
113,37.500,11.000,9.500,0,0
114,38.000,11.000,9.500,0,0
115,38.000,11.000,9.500,0,0
116,38.500,11.000,9.500,0,0
117,39.000,11.000,9.500,0,0
118,39.500,11.000,9.500,0,0
119,40.000,11.000,9.500,0,0
120,40.500,11.000,9.500,0,0
121,41.000,11.000,10.000,0,0
122,41.500,11.000,10.000,0,0
123,42.000,11.500,10.000,0,0
124,42.000,12.000,10.000,0,0
125,42.500,12.000,10.000,0,0
126,43.000,12.000,10.000,0,0
127,43.500,12.000,10.000,0,0
128,43.500,12.000,10.000,0,0
129,44.000,12.000,10.000,0,0
130,44.000,12.000,10.500,0,0
131,44.500,12.000,10.500,0,0
132,44.500,12.500,11.000,0,0
133,45.000,12.500,11.000,0,0
134,45.500,12.500,11.000,0,0
135,46.000,12.500,11.000,0,0
136,46.500,12.500,11.000,0,0
137,47.000,12.500,11.000,0,0
138,47.500,12.500,11.000,0,0
139,48.000,13.000,11.000,0,0
140,48.500,13.000,11.000,0,0
141,49.000,13.500,11.000,0,0
142,49.500,14.000,11.000,0,0
143,49.500,14.000,11.000,0,0
144,50.000,14.000,11.000,0,0
145,50.500,14.000,11.000,0,0
146,50.500,14.000,11.000,0,0
147,51.000,14.000,11.000,0,0
148,51.500,14.500,11.000,0,0
149,52.000,14.500,11.000,0,0
150,52.500,15.000,11.000,0,0
151,53.000,15.000,11.000,0,0
152,53.500,15.000,11.000,0,0
153,54.000,15.000,11.000,0,0
154,54.500,15.500,11.000,0,0
155,55.000,15.500,11.000,0,0
156,55.500,16.000,11.000,0,0
157,56.000,16.000,11.000,0,0
158,56.500,16.000,11.000,0,0
159,57.000,16.000,11.000,0,0
160,57.000,16.000,11.000,0,0
161,57.000,16.000,11.000,0,0
162,57.500,16.500,11.000,0,0
163,58.000,16.500,11.000,0,0
164,58.500,17.000,11.000,0,0
165,58.500,17.000,11.500,0,0
166,58.500,17.000,12.000,0,0
167,59.000,17.000,12.000,0,0
168,59.500,17.000,12.000,0,0
169,60.000,17.000,12.000,0,0
170,60.500,17.000,12.000,0,0
171,61.000,17.500,12.000,0,0
172,61.500,17.500,12.000,0,0
173,62.000,18.000,12.000,0,0
174,62.500,18.000,12.000,0,0
175,62.500,18.000,12.000,0,0
176,63.000,18.000,12.000,0,0
177,63.500,18.000,12.000,0,0
178,64.000,18.000,12.000,0,0
179,64.500,18.000,12.500,0,0
180,65.000,18.500,13.000,0,0
181,65.500,18.500,13.000,0,0
182,66.000,18.500,13.000,0,0
183,66.000,19.000,13.000,0,0
184,66.500,19.000,13.000,0,0
185,67.000,19.500,13.000,0,0
186,67.500,20.000,13.500,0,0
187,67.500,20.000,13.500,0,0
188,68.000,20.000,13.500,0,0
189,68.000,20.000,13.500,0,0
190,68.500,20.000,13.500,0,0
191,69.000,20.000,13.500,0,0
192,69.500,20.000,13.500,0,0
193,70.000,20.500,14.000,0,0
194,70.500,21.000,14.000,0,0
195,70.500,21.000,14.000,0,0
196,71.000,21.000,14.000,0,0
197,71.500,21.000,14.500,0,0
198,72.000,21.500,14.500,0,0
199,72.500,21.500,14.500,0,0
200,73.000,21.500,14.500,0,0
201,73.500,21.500,14.500,0,0
202,74.000,21.500,14.500,0,0
203,74.500,21.500,14.500,0,0
204,74.500,21.500,14.500,0,0
205,74.500,21.500,14.500,0,0
206,75.000,21.500,14.500,0,0
207,75.500,21.500,14.500,0,0
208,76.000,22.000,15.000,0,0
209,76.500,22.000,15.000,0,0
210,77.000,22.000,15.000,0,0
211,77.500,22.000,15.000,0,0
212,78.000,22.000,15.000,0,0
213,78.500,22.000,15.000,0,0
214,79.000,22.000,15.000,0,0
215,79.500,22.000,15.500,0,0
216,80.000,22.000,15.500,0,0
217,80.500,22.000,15.500,0,0
218,81.000,22.000,16.000,0,0
219,81.500,22.500,16.000,0,0
220,82.000,22.500,16.000,0,0
221,82.500,23.000,16.000,0,0
222,83.000,23.000,16.000,0,0
223,83.500,23.500,16.000,0,0
224,83.500,23.500,16.000,0,0
225,84.000,23.500,16.000,0,0
226,84.500,23.500,16.000,0,0
227,85.000,23.500,16.000,0,0
228,85.500,23.500,16.000,0,0
229,86.000,23.500,16.000,0,0
230,86.500,24.000,16.000,0,0
231,87.000,24.000,16.000,0,0
232,87.000,24.000,16.000,0,0
233,87.500,24.000,16.000,0,0
234,88.000,24.000,16.000,0,0
235,88.500,24.000,16.000,0,0
236,89.000,24.000,16.500,0,0
237,89.500,24.500,16.500,0,0
238,90.000,24.500,17.000,0,0
239,90.500,24.500,17.000,0,0
240,91.000,24.500,17.000,0,0
241,91.000,24.500,17.000,0,0
242,91.500,25.000,17.000,0,0
243,92.000,25.000,17.000,0,0
244,92.500,25.000,17.000,0,0
245,93.000,25.500,17.000,0,0
246,93.500,26.000,17.000,0,0
247,94.000,26.000,17.000,0,0
248,94.500,26.000,17.000,0,0
249,95.000,26.000,17.000,0,0
250,95.500,26.000,17.000,0,0
251,95.500,26.000,17.000,0,0
252,96.000,26.000,17.500,0,0
253,96.500,26.000,17.500,0,0
254,97.000,26.000,18.000,0,0
255,97.500,26.000,18.000,0,0
256,97.500,26.000,18.000,0,0
257,98.000,26.000,18.000,0,0
258,98.500,26.000,18.000,0,0
259,99.000,26.000,18.000,0,0
260,99.500,26.000,18.000,0,0
261,99.500,26.000,18.000,0,0
262,100.000,26.500,18.000,0,0
263,100.500,26.500,18.000,0,0
264,101.000,26.500,18.500,0,0
265,101.500,26.500,18.500,0,0
266,102.000,26.500,18.500,0,0
267,102.500,26.500,18.500,0,0
268,103.000,26.500,18.500,0,0
269,103.500,26.500,18.500,0,0
270,104.000,26.500,19.000,0,0
271,104.500,26.500,19.000,0,0
272,105.000,27.000,19.000,0,0
273,105.500,27.000,19.000,0,0
274,106.000,27.000,19.000,0,0
275,106.500,27.000,19.000,0,0
276,107.000,27.000,19.000,0,0
277,107.500,27.000,19.000,0,0
278,108.000,27.000,19.000,0,0
279,108.500,27.500,19.500,0,0
280,109.000,27.500,19.500,0,0
281,109.500,27.500,19.500,0,0
282,110.000,27.500,19.500,0,0
283,110.500,27.500,20.000,0,0
284,110.500,27.500,20.500,0,0
285,111.000,27.500,20.500,0,0
286,111.500,27.500,20.500,0,0
287,112.000,27.500,20.500,0,0
288,112.500,27.500,20.500,0,0
289,113.000,27.500,20.500,0,0
290,113.500,28.000,20.500,0,0
291,114.000,28.000,21.000,0,0
292,114.500,28.500,21.500,0,0
293,115.000,28.500,21.500,0,0
294,115.500,29.000,21.500,0,0
295,116.000,29.000,21.500,0,0
296,116.500,29.000,21.500,0,0
297,116.500,29.000,21.500,0,0
298,117.000,29.500,21.500,0,0
299,117.500,29.500,21.500,0,0
300,118.000,30.000,21.500,0,0
301,118.500,30.500,21.500,0,0
302,119.000,30.500,21.500,0,0
303,119.500,30.500,22.000,0,0
304,120.000,30.500,22.000,0,0
305,120.500,30.500,22.500,0,0
306,121.000,30.500,22.500,0,0
307,121.500,30.500,22.500,0,0
308,122.000,31.000,22.500,0,0
309,122.500,31.000,22.500,0,0
310,123.000,31.000,22.500,0,0
311,123.500,31.000,22.500,0,0
312,124.000,31.500,22.500,0,0
313,124.500,31.500,22.500,0,0
314,125.000,32.000,22.500,0,0
315,125.500,32.000,22.500,0,0
316,126.000,32.000,22.500,0,0
317,126.500,32.500,22.500,0,0
318,127.000,32.500,22.500,0,0
319,127.500,32.500,22.500,0,0
320,128.000,33.000,22.500,0,0
321,128.500,33.000,22.500,0,0
322,129.000,33.000,22.500,0,0
323,129.500,33.500,22.500,0,0
324,130.000,33.500,22.500,0,0
325,130.500,33.500,22.500,0,0
326,130.500,34.000,22.500,0,0
327,131.000,34.000,22.500,0,0
328,131.500,34.000,22.500,0,0
329,132.000,34.000,22.500,0,0
330,132.500,34.000,23.000,0,0
331,133.000,34.000,23.000,0,0
332,133.500,34.000,23.000,0,0
333,134.000,34.000,23.500,0,0
334,134.500,34.000,23.500,0,0
335,135.000,34.000,23.500,0,0
336,135.500,34.000,23.500,0,0
337,136.000,34.000,23.500,0,0
338,136.500,34.500,23.500,0,0
339,137.000,35.000,23.500,0,0
340,137.500,35.000,23.500,0,0
341,138.000,35.000,23.500,0,0
342,138.500,35.500,23.500,0,0
343,139.000,35.500,23.500,0,0
344,139.500,35.500,24.000,0,0
345,140.000,35.500,24.000,0,0
346,140.500,36.000,24.000,0,0
347,141.000,36.000,24.000,0,0
348,141.500,36.000,24.000,0,0
349,142.000,36.000,24.000,0,0
350,142.500,36.000,24.000,0,0
351,143.000,36.000,24.000,0,0
352,143.500,36.500,24.500,0,0
353,144.000,36.500,24.500,0,0
354,144.500,37.000,24.500,0,0
355,145.000,37.000,25.000,0,0
356,145.500,37.000,25.000,0,0
357,146.000,37.500,25.000,0,0
358,146.500,37.500,25.000,0,0
359,147.000,37.500,25.000,0,0
360,147.500,37.500,25.500,0,0
361,148.000,38.000,25.500,0,0
362,148.500,38.500,25.500,0,0
363,149.000,38.500,25.500,0,0
364,149.500,38.500,25.500,0,0
365,150.000,38.500,25.500,0,0
366,150.500,39.000,25.500,0,0
367,151.000,39.000,25.500,0,0
368,151.500,39.000,26.000,0,0
369,152.000,39.000,26.000,0,0
370,152.500,39.000,26.000,0,0
371,153.000,39.000,26.500,0,0
372,153.500,39.000,27.000,0,0
373,154.000,39.000,27.000,0,0
374,154.500,39.000,27.000,0,0
375,155.000,39.500,27.000,0,0
376,155.500,39.500,27.000,0,0
377,156.000,39.500,27.000,0,0
378,156.500,39.500,27.000,0,0
379,157.000,39.500,27.000,0,0
380,157.500,40.000,27.000,0,0
381,158.000,40.000,27.000,0,0
382,158.500,40.000,27.500,0,0
383,159.000,40.000,27.500,0,0
384,159.500,40.000,27.500,0,0
385,160.000,40.500,27.500,0,0
386,160.500,41.000,28.000,0,0
387,161.000,41.000,28.500,0,0
388,161.500,41.000,28.500,0,0
389,162.000,41.000,29.000,0,0
390,162.500,41.000,29.000,0,0
391,163.000,41.500,29.000,0,0
392,163.500,42.000,29.000,0,0
393,164.000,42.000,29.500,0,0
394,164.500,42.000,29.500,0,0
395,165.000,42.500,29.500,0,0
396,165.500,42.500,29.500,0,0
397,166.000,42.500,29.500,0,0
398,166.500,42.500,29.500,0,0
399,167.000,43.000,29.500,0,0
400,167.500,43.000,29.500,0,0
401,168.000,43.500,29.500,0,0
402,168.500,43.500,29.500,0,0
403,169.000,43.500,30.000,0,0
404,169.500,43.500,30.000,0,0
405,170.000,43.500,30.000,0,0
406,170.500,43.500,30.000,0,0
407,171.000,43.500,30.000,0,0
408,171.500,43.500,30.000,0,0
409,172.000,44.000,30.500,0,0
410,172.500,44.000,30.500,0,0
411,173.000,44.000,30.500,0,0
412,173.500,44.000,30.500,0,0
413,174.000,44.500,30.500,0,0
414,174.500,45.000,30.500,0,0
415,174.500,45.000,30.500,0,0
416,175.000,45.500,30.500,0,0
417,175.500,45.500,30.500,0,0
418,176.000,45.500,30.500,0,0
419,176.500,45.500,30.500,0,0
420,177.000,45.500,30.500,0,0
421,177.000,45.500,30.500,0,0
422,177.000,45.500,30.500,0,0
423,177.500,45.500,30.500,0,0
424,178.000,45.500,30.500,0,0
425,178.500,45.500,30.500,0,0
426,179.000,45.500,30.500,0,0
427,179.500,45.500,30.500,0,0
428,180.000,45.500,30.500,0,0
429,180.500,45.500,30.500,0,0
430,181.000,45.500,30.500,0,0
431,181.500,45.500,31.000,0,0
432,182.000,45.500,31.000,0,0
433,182.500,46.000,31.000,0,0
434,183.000,46.000,31.000,0,0
435,183.500,46.500,31.500,0,0
436,184.000,47.000,31.500,0,0
437,184.500,47.000,31.500,0,0
438,185.000,47.500,31.500,0,0
439,185.500,48.000,31.500,0,0
440,186.000,48.000,32.000,0,0
441,186.500,48.000,32.000,0,0
442,187.000,48.000,32.000,0,0
443,187.500,48.000,32.000,0,0
444,188.000,48.000,32.000,0,0
445,188.500,48.500,32.000,0,0
446,189.000,48.500,32.000,0,0
447,189.500,48.500,32.000,0,0
448,190.000,48.500,32.000,0,0
449,190.500,48.500,32.000,0,0
450,191.000,48.500,32.000,0,0
451,191.000,48.500,32.000,0,0
452,191.500,49.000,32.000,0,0
453,192.000,49.000,32.000,0,0
454,192.500,49.000,32.000,0,0
455,192.500,49.000,32.000,0,0
456,193.000,49.500,32.000,0,0
457,193.500,49.500,32.000,0,0
458,194.000,49.500,32.000,0,0
459,194.500,49.500,32.000,0,0
460,195.000,49.500,32.500,0,0
461,195.500,49.500,32.500,0,0
462,196.000,49.500,32.500,0,0
463,196.500,49.500,32.500,0,0
464,197.000,49.500,32.500,0,0
465,197.500,49.500,32.500,0,0
466,198.000,49.500,32.500,0,0
467,198.500,49.500,32.500,0,0
468,199.000,49.500,32.500,0,0
469,199.500,49.500,32.500,0,0
470,200.000,49.500,32.500,0,0
471,200.500,49.500,32.500,0,0
472,201.000,49.500,32.500,0,0
473,201.500,49.500,32.500,0,0
474,202.000,49.500,32.500,0,0
475,202.500,49.500,32.500,0,0
476,203.000,49.500,32.500,0,0
477,203.500,49.500,32.500,0,0
478,204.000,49.500,32.500,0,0
479,204.500,49.500,32.500,0,0
480,205.000,49.500,32.500,0,0
481,205.500,49.500,32.500,0,0
482,206.000,49.500,32.500,0,0
483,206.500,49.500,33.000,0,0
484,207.000,49.500,33.000,0,0
485,207.500,50.000,33.000,0,0
486,208.000,50.000,33.000,0,0
487,208.500,50.000,33.500,0,0
488,209.000,50.000,33.500,0,0
489,209.500,50.500,33.500,0,0
490,210.000,50.500,33.500,0,0
491,210.500,50.500,33.500,0,0
492,211.000,51.000,33.500,0,0
493,211.500,51.500,33.500,0,0
494,212.000,52.000,33.500,0,0
495,212.500,52.000,33.500,0,0
496,213.000,52.000,34.000,0,0
497,213.500,52.500,34.000,0,0
498,214.000,52.500,34.500,0,0
499,214.500,53.000,34.500,0,0
500,215.000,53.000,35.000,0,0
501,215.500,53.500,35.000,0,0
502,216.000,53.500,35.000,0,0
503,216.500,53.500,35.000,0,0
504,217.000,53.500,35.000,0,0
505,217.500,53.500,35.000,0,0
506,218.000,54.000,35.000,0,0
507,218.500,54.000,35.500,0,0
508,219.000,54.000,35.500,0,0
509,219.500,54.000,36.000,0,0
510,220.000,54.500,36.000,0,0
511,220.500,54.500,36.000,0,0
512,221.000,54.500,36.000,0,0
513,221.500,54.500,36.000,0,0
514,222.000,54.500,36.000,0,0
515,222.500,55.000,36.000,0,0
516,223.000,55.000,36.000,0,0
517,223.000,55.000,36.000,0,0
518,223.500,55.000,36.000,0,0
519,224.000,55.000,36.000,0,0
520,224.000,55.000,36.000,0,0
521,224.500,55.000,36.000,0,0
522,225.000,55.500,36.000,0,0
523,225.500,55.500,36.000,0,0
524,226.000,55.500,36.000,0,0
525,226.500,55.500,36.000,0,0
526,227.000,56.000,36.000,0,0
527,227.500,56.000,36.000,0,0
528,228.000,56.000,36.000,0,0
529,228.500,56.000,36.000,0,0
530,229.000,56.000,36.000,0,0
531,229.500,56.000,36.000,0,0
532,230.000,56.000,36.000,0,0
533,230.500,56.500,36.000,0,0
534,231.000,56.500,36.500,0,0
535,231.500,56.500,37.000,0,0
536,232.000,56.500,37.000,0,0
537,232.500,56.500,37.000,0,0
538,233.000,56.500,37.000,0,0
539,233.500,56.500,37.000,0,0
540,234.000,56.500,37.000,0,0
541,234.500,56.500,37.000,0,0
542,235.000,56.500,37.000,0,0
543,235.500,56.500,37.000,0,0
544,236.000,56.500,37.500,0,0
545,236.500,56.500,37.500,0,0
546,237.000,56.500,37.500,0,0
547,237.500,57.000,37.500,0,0
548,238.000,57.500,38.000,0,0
549,238.500,57.500,38.000,0,0
550,239.000,58.000,38.000,0,0
551,239.500,58.000,38.000,0,0
552,240.000,58.000,38.500,0,0
553,240.500,58.000,38.500,0,0
554,241.000,58.000,38.500,0,0
555,241.500,58.000,38.500,0,0
556,242.000,58.500,38.500,0,0
557,242.500,58.500,38.500,0,0
558,243.000,58.500,38.500,0,0
559,243.500,59.000,38.500,0,0
560,244.000,59.000,38.500,0,0
561,244.500,59.000,38.500,0,0
562,245.000,59.000,38.500,0,0
563,245.500,59.000,38.500,0,0
564,246.000,59.500,38.500,0,0
565,246.500,59.500,39.000,0,0
566,247.000,59.500,39.000,0,0
567,247.500,59.500,39.000,0,0
568,248.000,59.500,39.000,0,0
569,248.500,59.500,39.500,0,0
570,249.000,60.000,39.500,0,0
571,249.500,60.000,39.500,0,0
572,250.000,60.500,39.500,0,0
573,250.500,61.000,39.500,0,0
574,251.000,61.500,39.500,0,0
575,251.500,61.500,39.500,0,0
576,252.000,62.000,39.500,0,0
577,252.500,62.000,39.500,0,0
578,253.000,62.000,39.500,0,0
579,253.500,62.000,39.500,0,0
580,254.000,62.000,39.500,0,0
581,254.500,62.000,39.500,0,0
582,255.000,62.500,39.500,0,0
583,255.500,62.500,39.500,0,0
584,256.000,62.500,39.500,0,0
585,256.500,62.500,39.500,0,0
586,257.000,62.500,39.500,0,0
587,257.500,62.500,39.500,0,0
588,258.000,62.500,39.500,0,0
589,258.500,62.500,39.500,0,0
590,259.000,62.500,39.500,0,0
591,259.500,62.500,40.000,0,0
592,260.000,63.000,40.000,0,0
593,260.500,63.000,40.000,0,0
594,261.000,63.000,40.000,0,0
595,261.500,63.000,40.000,0,0
596,262.000,63.000,40.000,0,0
597,262.500,63.000,40.000,0,0
598,263.000,63.000,40.000,0,0
599,263.500,63.500,40.500,0,0
600,264.000,63.500,40.500,0,0
601,264.500,64.000,41.000,0,0
602,265.000,64.000,41.500,0,0
603,265.500,64.000,41.500,0,0
604,266.000,64.500,41.500,0,0
605,266.500,64.500,41.500,0,0
606,267.000,65.000,41.500,0,0
607,267.500,65.000,41.500,0,0
608,268.000,65.000,41.500,0,0
609,268.500,65.000,42.000,0,0
610,269.000,65.500,42.000,0,0
611,269.500,65.500,42.000,0,0
612,270.000,65.500,42.000,0,0
613,270.500,66.000,42.500,0,0
614,271.000,66.500,42.500,0,0
615,271.500,67.000,42.500,0,0
616,272.000,67.000,42.500,0,0
617,272.500,67.000,42.500,0,0
618,273.000,67.500,42.500,0,0
619,273.500,67.500,42.500,0,0
620,274.000,67.500,42.500,0,0
621,274.500,67.500,42.500,0,0
622,275.000,67.500,42.500,0,0
623,275.500,67.500,42.500,0,0
624,276.000,67.500,42.500,0,0
625,276.500,67.500,42.500,0,0
626,277.000,67.500,42.500,0,0
627,277.500,67.500,42.500,0,0
628,278.000,67.500,42.500,0,0
629,278.500,67.500,42.500,0,0
630,279.000,68.000,42.500,0,0
631,279.500,68.000,42.500,0,0
632,280.000,68.500,43.000,0,0
633,280.500,68.500,43.000,0,0
634,281.000,68.500,43.000,0,0
635,281.500,68.500,43.500,0,0
636,281.500,68.500,43.500,0,0
637,282.000,68.500,43.500,0,0
638,282.500,68.500,43.500,0,0
639,283.000,68.500,43.500,0,0
640,283.500,68.500,43.500,0,0
641,284.000,68.500,43.500,0,0
642,284.500,68.500,43.500,0,0
643,285.000,68.500,43.500,0,0
644,285.500,69.000,43.500,0,0
645,286.000,69.500,43.500,0,0
646,286.500,69.500,43.500,0,0
647,287.000,70.000,43.500,0,0
648,287.500,70.500,43.500,0,0
649,288.000,70.500,43.500,0,0
650,288.500,71.000,43.500,0,0
651,289.000,71.000,43.500,0,0
652,289.500,71.000,43.500,0,0
653,290.000,71.000,44.000,0,0
654,290.500,71.000,44.000,0,0
655,291.000,71.000,44.000,0,0
656,291.500,71.000,44.000,0,0
657,292.000,71.000,44.000,0,0
658,292.500,71.000,44.000,0,0
659,293.000,71.000,44.000,0,0
660,293.500,71.000,44.500,0,0
661,294.000,71.000,44.500,0,0
662,294.500,71.000,44.500,0,0
663,295.000,71.500,44.500,0,0
664,295.500,71.500,44.500,0,0
665,296.000,71.500,44.500,0,0
666,296.500,71.500,44.500,0,0
667,297.000,71.500,44.500,0,0
668,297.500,71.500,44.500,0,0
669,298.000,71.500,44.500,0,0
670,298.500,71.500,45.000,0,0
671,299.000,71.500,45.000,0,0
672,299.500,72.000,45.000,0,0
673,300.000,72.000,45.000,0,0
674,300.500,72.500,45.000,0,0
675,300.500,72.500,45.000,0,0
676,301.000,72.500,45.000,0,0
677,301.500,72.500,45.000,0,0
678,302.000,72.500,45.000,0,0
679,302.500,73.000,45.000,0,0
680,303.000,73.500,45.000,0,0
681,303.500,73.500,45.000,0,0
682,304.000,74.000,45.000,0,0
683,304.500,74.000,45.500,0,0
684,305.000,74.000,46.000,0,0
685,305.500,74.000,46.000,0,0
686,306.000,74.000,46.000,0,0
687,306.500,74.000,46.500,0,0
688,307.000,74.000,46.500,0,0
689,307.500,74.000,46.500,0,0
690,308.000,74.000,46.500,0,0
691,308.500,74.000,46.500,0,0
692,309.000,74.000,46.500,0,0
693,309.500,74.000,46.500,0,0
694,310.000,74.000,46.500,0,0
695,310.500,74.000,46.500,0,0
696,311.000,74.000,46.500,0,0
697,311.500,74.000,46.500,0,0
698,312.000,74.500,46.500,0,0
699,312.500,74.500,46.500,0,0
700,313.000,75.000,46.500,0,0
701,313.500,75.000,46.500,0,0
702,314.000,75.500,46.500,0,0
703,314.500,75.500,46.500,0,0
704,315.000,76.000,47.000,0,0
705,315.500,76.000,47.000,0,0
706,316.000,76.000,47.000,0,0
707,316.500,76.000,47.000,0,0
708,317.000,76.000,47.000,0,0
709,317.500,76.000,47.000,0,0
710,318.000,76.000,47.000,0,0
711,318.500,76.500,47.000,0,0
712,319.000,76.500,47.500,0,0
713,319.500,76.500,47.500,0,0
714,320.000,76.500,47.500,0,0
715,320.500,76.500,48.000,0,0
716,321.000,76.500,48.500,0,0
717,321.500,76.500,48.500,0,0
718,322.000,76.500,48.500,0,0
719,322.500,77.000,48.500,0,0
720,323.000,77.000,48.500,0,0
721,323.500,77.000,49.000,0,0
722,324.000,77.500,49.500,0,0
723,324.500,77.500,49.500,0,0
724,325.000,77.500,49.500,0,0
725,325.500,77.500,50.000,0,0
726,326.000,78.000,50.000,0,0
727,326.500,78.000,50.000,0,0
728,327.000,78.500,50.000,0,0
729,327.500,78.500,50.000,0,0
730,328.000,78.500,50.000,0,0
731,328.500,79.000,50.000,0,0
732,329.000,79.000,50.000,0,0
733,329.500,79.000,50.000,0,0
734,330.000,79.000,50.000,0,0
735,330.500,79.000,50.000,0,0
736,331.000,79.000,50.000,0,0
737,331.500,79.000,50.000,0,0
738,332.000,79.500,50.000,0,0
739,332.500,79.500,50.000,0,0
740,333.000,79.500,50.000,0,0
741,333.500,80.000,50.000,0,0
742,334.000,80.500,50.000,0,0
743,334.500,80.500,50.000,0,0
744,335.000,81.000,50.000,0,0
745,335.500,81.000,50.000,0,0
746,336.000,81.000,50.000,0,0
747,336.500,81.000,50.000,0,0
748,336.500,81.000,50.000,0,0
749,337.000,81.000,50.000,0,0
750,337.500,81.000,50.000,0,0
751,338.000,81.500,50.000,0,0
752,338.500,81.500,50.000,0,0
753,339.000,81.500,50.500,0,0
754,339.500,81.500,50.500,0,0
755,340.000,82.000,50.500,0,0
756,340.500,82.000,51.000,0,0
757,341.000,82.500,51.000,0,0
758,341.500,82.500,51.000,0,0
759,342.000,82.500,51.000,0,0
760,342.500,82.500,51.500,0,0
761,343.000,82.500,52.000,0,0
762,343.500,82.500,52.000,0,0
763,344.000,82.500,52.000,0,0
764,344.500,82.500,52.000,0,0
765,345.000,82.500,52.000,0,0
766,345.500,83.000,52.000,0,0
767,346.000,83.000,52.000,0,0
768,346.500,83.000,52.000,0,0
769,347.000,83.000,52.000,0,0
770,347.500,83.000,52.000,0,0
771,348.000,83.000,52.000,0,0
772,348.500,83.000,52.000,0,0
773,349.000,83.000,52.000,0,0
774,349.500,83.000,52.500,0,0
775,350.000,83.000,52.500,0,0
776,350.500,83.500,52.500,0,0
777,351.000,83.500,52.500,0,0
778,351.500,83.500,52.500,0,0
779,352.000,83.500,52.500,0,0
780,352.500,83.500,52.500,0,0
781,353.000,84.000,53.000,0,0
782,353.500,84.500,53.000,0,0
783,354.000,84.500,53.000,0,0
784,354.500,84.500,53.000,0,0
785,355.000,85.000,53.000,0,0
786,355.500,85.000,53.000,0,0
787,356.000,85.000,53.000,0,0
788,356.500,85.500,53.000,0,0
789,357.000,85.500,53.000,0,0
790,357.500,85.500,53.500,0,0
791,358.000,86.000,53.500,0,0
792,358.500,86.000,53.500,0,0
793,359.000,86.000,53.500,0,0
794,359.500,86.000,54.000,0,0
795,360.000,86.000,54.000,0,0
796,360.500,86.000,54.000,0,0
797,361.000,86.000,54.000,0,0
798,361.500,86.000,54.000,0,0
799,362.000,86.500,54.000,0,0
800,362.500,86.500,54.000,0,0
801,363.000,86.500,54.000,0,0
802,363.500,86.500,54.000,0,0
803,364.000,86.500,54.000,0,0
804,364.500,87.000,54.000,0,0
805,365.000,87.000,54.000,0,0
806,365.500,87.000,54.000,0,0
807,366.000,87.000,54.000,0,0
808,366.500,87.000,54.000,0,0
809,367.000,87.000,54.000,0,0
810,367.500,87.000,54.500,0,0
811,368.000,87.500,54.500,0,0
812,368.500,88.000,54.500,0,0
813,369.000,88.000,54.500,0,0
814,369.500,88.000,54.500,0,0
815,370.000,88.500,54.500,0,0
816,370.500,88.500,54.500,0,0
817,371.000,88.500,55.000,0,0
818,371.500,88.500,55.000,0,0
819,372.000,88.500,55.000,0,0
820,372.500,88.500,55.500,0,0
821,373.000,88.500,56.000,0,0
822,373.500,88.500,56.000,0,0
823,374.000,88.500,56.000,0,0
824,374.500,88.500,56.000,0,0
825,375.000,88.500,56.000,0,0
826,375.500,88.500,56.000,0,0
827,376.000,88.500,56.000,0,0
828,376.500,88.500,56.000,0,0
829,377.000,89.000,56.000,0,0
830,377.500,89.500,56.000,0,0
831,378.000,89.500,56.000,0,0
832,378.500,89.500,56.000,0,0
833,379.000,89.500,56.500,0,0
834,379.500,90.000,56.500,0,0
835,380.000,90.000,57.000,0,0
836,380.500,90.500,57.000,0,0
837,381.000,90.500,57.000,0,0
838,381.500,90.500,57.000,0,0
839,382.000,91.000,57.000,0,0
840,382.500,91.000,57.000,0,0
841,383.000,91.500,57.000,0,0
842,383.000,91.500,57.000,0,0
843,383.500,91.500,57.000,0,0
844,384.000,91.500,57.000,0,0
845,384.500,91.500,57.000,0,0
846,385.000,92.000,57.000,0,0
847,385.500,92.000,57.000,0,0
848,386.000,92.500,57.000,0,0
849,386.500,92.500,57.500,0,0
850,387.000,92.500,57.500,0,0
851,387.500,92.500,57.500,0,0
852,388.000,93.000,57.500,0,0
853,388.500,93.500,57.500,0,0
854,389.000,93.500,57.500,0,0
855,389.500,94.000,57.500,0,0
856,390.000,94.000,57.500,0,0
857,390.500,94.000,57.500,0,0
858,391.000,94.000,57.500,0,0
859,391.500,94.000,57.500,0,0
860,392.000,94.000,57.500,0,0
861,392.500,94.000,57.500,0,0
862,393.000,94.000,57.500,0,0
863,393.500,94.000,57.500,0,0
864,394.000,94.000,57.500,0,0
865,394.500,94.000,57.500,0,0
866,395.000,94.000,57.500,0,0
867,395.500,94.000,57.500,0,0
868,395.500,94.000,57.500,0,0
869,396.000,94.000,57.500,0,0
870,396.500,94.000,57.500,0,0
871,397.000,94.000,57.500,0,0
872,397.500,94.000,58.000,0,0
873,398.000,94.500,58.000,0,0
874,398.500,95.000,58.500,0,0
875,399.000,95.000,58.500,0,0
876,399.500,95.500,58.500,0,0
877,400.000,95.500,58.500,0,0
878,400.500,95.500,58.500,0,0
879,401.000,96.000,58.500,0,0
880,401.500,96.500,58.500,0,0
881,402.000,96.500,58.500,0,0
882,402.500,96.500,58.500,0,0
883,403.000,96.500,58.500,0,0
884,403.500,97.000,58.500,0,0
885,404.000,97.000,58.500,0,0
886,404.500,97.500,59.000,0,0
887,405.000,98.000,59.000,0,0
888,405.500,98.500,59.500,0,0
889,406.000,98.500,59.500,0,0
890,406.500,98.500,59.500,0,0
891,407.000,98.500,59.500,0,0
892,407.500,98.500,59.500,0,0
893,408.000,98.500,59.500,0,0
894,408.500,98.500,59.500,0,0
895,409.000,99.000,59.500,0,0
896,409.500,99.000,59.500,0,0
897,410.000,99.000,60.000,0,0
898,410.500,99.500,60.000,0,0
899,411.000,99.500,60.000,0,0
900,411.500,99.500,60.000,0,0
901,412.000,99.500,60.000,0,0
902,412.500,99.500,60.500,0,0
903,413.000,99.500,60.500,0,0
904,413.500,99.500,61.000,0,0
905,414.000,100.000,61.000,0,0
906,414.500,100.000,61.000,0,0
907,415.000,100.500,61.000,0,0
908,415.000,100.500,61.500,0,0
909,415.500,100.500,61.500,0,0
910,416.000,100.500,61.500,0,0
911,416.500,100.500,61.500,0,0
912,417.000,100.500,62.000,0,0
913,417.500,100.500,62.000,0,0
914,418.000,101.000,62.000,0,0
915,418.500,101.000,62.000,0,0
916,418.500,101.000,62.000,0,0
917,419.000,101.000,62.000,0,0
918,419.500,101.000,62.000,0,0
919,420.000,101.000,62.000,0,0
920,420.000,101.000,62.000,0,0
921,420.500,101.000,62.000,0,0
922,421.000,101.500,62.000,0,0
923,421.500,101.500,62.000,0,0
924,422.000,101.500,62.000,0,0
925,422.500,101.500,62.000,0,0
926,423.000,101.500,62.000,0,0
927,423.500,101.500,62.000,0,0
928,424.000,101.500,62.000,0,0
929,424.500,102.000,62.000,0,0
930,425.000,102.500,62.000,0,0
931,425.500,103.000,62.000,0,0
932,426.000,103.000,62.000,0,0
933,426.500,103.000,62.000,0,0
934,427.000,103.000,62.000,0,0
935,427.500,103.000,62.000,0,0
936,428.000,103.500,62.000,0,0
937,428.500,103.500,62.000,0,0
938,429.000,104.000,62.000,0,0
939,429.500,104.000,62.000,0,0
940,430.000,104.000,62.000,0,0
941,430.500,104.000,62.000,0,0
942,431.000,104.000,62.000,0,0
943,431.500,104.000,62.500,0,0
944,432.000,104.000,62.500,0,0
945,432.500,104.000,62.500,0,0
946,433.000,104.000,62.500,0,0
947,433.500,104.000,62.500,0,0
948,434.000,104.000,62.500,0,0
949,434.500,104.000,63.000,0,0
950,435.000,104.000,63.000,0,0
951,435.500,104.000,63.000,0,0
952,436.000,104.000,63.500,0,0
953,436.500,104.000,63.500,0,0
954,437.000,104.500,63.500,0,0
955,437.500,104.500,63.500,0,0
956,438.000,104.500,63.500,0,0
957,438.500,104.500,63.500,0,0
958,439.000,105.000,64.000,0,0
959,439.500,105.000,64.000,0,0
960,440.000,105.000,64.000,0,0
961,440.500,105.000,64.000,0,0
962,441.000,105.500,64.000,0,0
963,441.500,106.000,64.000,0,0
964,442.000,106.500,64.500,0,0
965,442.500,106.500,64.500,0,0
966,443.000,106.500,64.500,0,0
967,443.000,106.500,64.500,0,0
968,443.500,106.500,64.500,0,0
969,444.000,107.000,64.500,0,0
970,444.500,107.000,64.500,0,0
971,445.000,107.000,64.500,0,0
972,445.500,107.500,64.500,0,0
973,446.000,107.500,64.500,0,0
974,446.500,107.500,64.500,0,0
975,447.000,108.000,64.500,0,0
976,447.500,108.500,64.500,0,0
977,448.000,108.500,64.500,0,0
978,448.500,108.500,64.500,0,0
979,449.000,109.000,65.000,0,0
980,449.500,109.000,65.500,0,0
981,450.000,109.000,65.500,0,0
982,450.500,109.000,66.000,0,0
983,451.000,109.000,66.500,0,0
984,451.500,109.500,66.500,0,0
985,452.000,110.000,66.500,0,0
986,452.500,110.500,67.000,0,0
987,453.000,110.500,67.000,0,0
988,453.500,110.500,67.000,0,0
989,454.000,111.000,67.000,0,0
990,454.500,111.000,67.000,0,0
991,455.000,111.000,67.000,0,0
992,455.500,111.000,67.000,0,0
993,456.000,111.500,67.500,0,0
994,456.500,112.000,67.500,0,0
995,457.000,112.000,67.500,0,0
996,457.500,112.000,67.500,0,0
997,458.000,112.500,67.500,0,0
998,458.500,112.500,68.000,0,0
999,459.000,112.500,68.000,0,0
1000,459.500,113.000,68.500,0,0
1001,460.000,113.000,68.500,0,0
1002,460.500,113.000,68.500,0,0
1003,461.000,113.500,68.500,0,0
1004,461.500,114.000,68.500,0,0
1005,462.000,114.000,68.500,0,0
1006,462.500,114.000,68.500,0,0
1007,463.000,114.000,69.000,0,0
1008,463.500,114.000,69.000,0,0
1009,464.000,114.000,69.000,0,0
1010,464.500,114.500,69.000,0,0
1011,465.000,115.000,69.000,0,0
1012,465.500,115.000,69.000,0,0
1013,466.000,115.000,69.000,0,0
1014,466.500,115.000,69.000,0,0
1015,466.500,115.000,69.500,0,0
1016,467.000,115.000,69.500,0,0
1017,467.500,115.000,69.500,0,0
1018,468.000,115.000,69.500,0,0
1019,468.500,115.000,69.500,0,0
1020,469.000,115.000,69.500,0,0
1021,469.500,115.500,69.500,0,0
1022,470.000,115.500,69.500,0,0
1023,470.500,116.000,69.500,0,0
1024,471.000,116.000,69.500,0,0
1025,471.500,116.500,69.500,0,0
1026,472.000,116.500,69.500,0,0
1027,472.500,116.500,70.000,0,0
1028,473.000,116.500,70.000,0,0
1029,473.500,116.500,70.000,0,0
1030,474.000,117.000,70.000,0,0
1031,474.500,117.000,70.000,0,0
1032,475.000,117.500,70.000,0,0
1033,475.500,117.500,70.000,0,0
1034,476.000,117.500,70.000,0,0
1035,476.500,117.500,70.000,0,0
1036,477.000,117.500,70.500,0,0
1037,477.500,118.000,70.500,0,0
1038,478.000,118.000,71.000,0,0
1039,478.500,118.000,71.000,0,0
1040,479.000,118.500,71.000,0,0
1041,479.500,118.500,71.000,0,0
1042,480.000,118.500,71.000,0,0
1043,480.500,118.500,71.000,0,0
1044,481.000,118.500,71.000,0,0
1045,481.500,118.500,71.500,0,0
1046,482.000,118.500,71.500,0,0
1047,482.500,118.500,71.500,0,0
1048,483.000,119.000,71.500,0,0
1049,483.500,119.000,71.500,0,0
1050,484.000,119.000,72.000,0,0
1051,484.500,119.000,72.000,0,0
1052,485.000,119.000,72.000,0,0
1053,485.500,119.000,72.000,0,0
1054,486.000,119.000,72.000,0,0
1055,486.500,119.000,72.000,0,0
1056,487.000,119.500,72.000,0,0
1057,487.500,119.500,72.000,0,0
1058,488.000,119.500,72.500,0,0
1059,488.500,119.500,72.500,0,0
1060,489.000,119.500,72.500,0,0
1061,489.500,119.500,72.500,0,0
1062,490.000,119.500,73.000,0,0
1063,490.500,119.500,73.000,0,0
1064,491.000,120.000,73.000,0,0
1065,491.500,120.000,73.000,0,0
1066,492.000,120.000,73.000,0,0
1067,492.500,120.000,73.500,0,0
1068,493.000,120.000,73.500,0,0
1069,493.500,120.000,73.500,0,0
1070,494.000,120.500,73.500,0,0
1071,494.500,120.500,73.500,0,0
1072,495.000,120.500,73.500,0,0
1073,495.500,120.500,74.000,0,0
1074,496.000,120.500,74.000,0,0
1075,496.500,120.500,74.000,0,0
1076,497.000,120.500,74.500,0,0
1077,497.500,120.500,75.000,0,0
1078,498.000,120.500,75.000,0,0
1079,498.500,120.500,75.000,0,0
1080,499.000,120.500,75.000,0,0
1081,499.500,120.500,75.000,0,0
1082,500.000,120.500,75.000,0,0
1083,500.500,120.500,75.000,0,0
1084,501.000,121.000,75.000,0,0
1085,501.500,121.000,75.000,0,0
1086,502.000,121.000,75.000,0,0
1087,502.500,121.000,75.000,0,0
1088,502.500,121.000,75.000,0,0
1089,503.000,121.000,75.000,0,0
1090,503.500,121.500,75.000,0,0
1091,504.000,121.500,75.000,0,0
1092,504.500,122.000,75.000,0,0
1093,505.000,122.500,75.000,0,0
1094,505.500,123.000,75.000,0,0
1095,506.000,123.500,75.000,0,0
1096,506.500,123.500,75.000,0,0
1097,507.000,123.500,75.000,0,0
1098,507.500,124.000,75.000,0,0
1099,508.000,124.500,75.000,0,0
1100,508.500,124.500,75.000,0,0
1101,509.000,124.500,75.000,0,0
1102,509.500,124.500,75.000,0,0
1103,510.000,124.500,75.000,0,0
1104,510.000,124.500,75.000,0,0
1105,510.500,125.000,75.000,0,0
1106,511.000,125.000,75.000,0,0
1107,511.500,125.500,75.500,0,0
1108,512.000,126.000,75.500,0,0
1109,512.500,126.000,75.500,0,0
1110,513.000,126.500,75.500,0,0
1111,513.500,126.500,76.000,0,0
1112,514.000,126.500,76.000,0,0
1113,514.500,126.500,76.000,0,0
1114,515.000,126.500,76.000,0,0
1115,515.500,126.500,76.000,0,0
1116,516.000,126.500,76.000,0,0
1117,516.500,126.500,76.000,0,0
1118,517.000,126.500,76.000,0,0
1119,517.500,126.500,76.500,0,0
1120,518.000,126.500,76.500,0,0
1121,518.500,127.000,76.500,0,0
1122,519.000,127.000,76.500,0,0
1123,519.500,127.000,76.500,0,0
1124,520.000,127.000,76.500,0,0
1125,520.500,127.000,76.500,0,0
1126,521.000,127.500,76.500,0,0
1127,521.500,127.500,76.500,0,0
1128,522.000,127.500,76.500,0,0
1129,522.500,127.500,76.500,0,0
1130,523.000,127.500,76.500,0,0
1131,523.500,127.500,76.500,0,0
1132,524.000,127.500,76.500,0,0
1133,524.500,127.500,76.500,0,0
1134,525.000,128.000,76.500,0,0
1135,525.500,128.000,76.500,0,0
1136,526.000,128.000,77.000,0,0
1137,526.500,128.000,77.000,0,0
1138,526.500,128.000,77.000,0,0
1139,527.000,128.500,77.000,0,0
1140,527.500,128.500,77.000,0,0
1141,528.000,129.000,77.000,0,0
1142,528.500,129.000,77.000,0,0
1143,529.000,129.500,77.000,0,0
1144,529.500,129.500,77.000,0,0
1145,530.000,129.500,77.000,0,0
1146,530.500,129.500,77.000,0,0
1147,531.000,129.500,77.500,0,0
1148,531.500,129.500,77.500,0,0
1149,532.000,129.500,77.500,0,0
1150,532.500,129.500,77.500,0,0
1151,533.000,129.500,77.500,0,0
1152,533.500,130.000,77.500,0,0
1153,534.000,130.000,77.500,0,0
1154,534.500,130.000,77.500,0,0
1155,535.000,130.000,78.000,0,0
1156,535.500,130.000,78.000,0,0
1157,536.000,130.000,78.000,0,0
1158,536.500,130.000,78.000,0,0
1159,537.000,130.000,78.000,0,0
1160,537.500,130.000,78.000,0,0
1161,538.000,130.000,78.000,0,0
1162,538.500,130.000,78.000,0,0
1163,539.000,130.500,78.000,0,0
1164,539.000,131.000,78.500,0,0
1165,539.500,131.000,78.500,0,0
1166,540.000,131.000,78.500,0,0
1167,540.500,131.000,79.000,0,0
1168,541.000,131.500,79.000,0,0
1169,541.500,131.500,79.000,0,0
1170,542.000,131.500,79.000,0,0
1171,542.500,132.000,79.000,0,0
1172,543.000,132.000,79.000,0,0
1173,543.500,132.000,79.000,0,0
1174,544.000,132.000,79.000,0,0
1175,544.500,132.000,79.000,0,0
1176,545.000,132.000,79.000,0,0
1177,545.500,132.000,79.000,0,0
1178,546.000,132.000,79.000,0,0
1179,546.500,132.000,79.000,0,0
1180,547.000,132.000,79.000,0,0
1181,547.500,132.000,79.000,0,0
1182,548.000,132.500,79.000,0,0
1183,548.000,132.500,79.000,0,0
1184,548.500,133.000,79.000,0,0
1185,549.000,133.500,79.000,0,0
1186,549.500,133.500,79.000,0,0
1187,550.000,134.000,79.500,0,0
1188,550.500,134.000,80.000,0,0
1189,551.000,134.000,80.000,0,0
1190,551.500,134.000,80.500,0,0
1191,552.000,134.000,80.500,0,0
1192,552.500,134.000,80.500,0,0
1193,553.000,134.000,80.500,0,0
1194,553.500,134.000,80.500,0,0
1195,554.000,134.000,80.500,0,0
1196,554.500,134.000,80.500,0,0
1197,555.000,134.000,80.500,0,0
1198,555.500,134.000,80.500,0,0
1199,556.000,134.000,80.500,0,0
1200,556.500,134.500,80.500,0,0
1201,557.000,135.000,80.500,0,0
1202,557.500,135.000,80.500,0,0
1203,558.000,135.000,80.500,0,0
1204,558.500,135.000,80.500,0,0
1205,559.000,135.000,80.500,0,0
1206,559.500,135.000,81.000,0,0
1207,560.000,135.000,81.000,0,0
1208,560.500,135.000,81.500,0,0
1209,561.000,135.000,81.500,0,0
1210,561.500,135.500,81.500,0,0
1211,562.000,135.500,82.000,0,0
1212,562.500,135.500,82.000,0,0
1213,563.000,136.000,82.000,0,0
1214,563.000,136.000,82.000,0,0
1215,563.500,136.000,82.000,0,0
1216,564.000,136.000,82.000,0,0
1217,564.500,136.000,82.000,0,0
1218,565.000,136.000,82.000,0,0
1219,565.500,136.500,82.500,0,0
1220,566.000,136.500,83.000,0,0
1221,566.500,136.500,83.000,0,0
1222,567.000,136.500,83.000,0,0
1223,567.500,137.000,83.000,0,0
1224,568.000,137.000,83.000,0,0
1225,568.500,137.000,83.000,0,0
1226,569.000,137.000,83.000,0,0
1227,569.500,137.000,83.000,0,0
1228,570.000,137.500,83.000,0,0
1229,570.500,137.500,83.000,0,0
1230,571.000,137.500,83.500,0,0
1231,571.500,138.000,83.500,0,0
1232,572.000,138.000,83.500,0,0
1233,572.500,138.000,83.500,0,0
1234,573.000,138.000,83.500,0,0
1235,573.500,138.000,84.000,0,0
1236,574.000,138.000,84.000,0,0
1237,574.500,138.000,84.000,0,0
1238,575.000,138.000,84.000,0,0
1239,575.500,138.000,84.500,0,0
1240,576.000,138.000,84.500,0,0
1241,576.500,138.000,84.500,0,0
1242,577.000,138.000,84.500,0,0
1243,577.500,138.000,84.500,0,0
1244,578.000,138.000,84.500,0,0
1245,578.500,138.500,84.500,0,0
1246,579.000,138.500,85.000,0,0
1247,579.500,138.500,85.000,0,0
1248,580.000,138.500,85.000,0,0
1249,580.500,138.500,85.000,0,0
1250,581.000,138.500,85.000,0,0
1251,581.500,138.500,85.000,0,0
1252,582.000,138.500,85.500,0,0
1253,582.500,138.500,85.500,0,0
1254,583.000,139.000,85.500,0,0
1255,583.500,139.000,85.500,0,0
1256,584.000,139.000,85.500,0,0
1257,584.500,139.000,86.000,0,0
1258,585.000,139.000,86.000,0,0
1259,585.500,139.000,86.000,0,0
1260,586.000,139.000,86.000,0,0
1261,586.500,139.000,86.000,0,0
1262,587.000,139.000,86.000,0,0
1263,587.500,139.000,86.000,0,0
1264,588.000,139.000,86.000,0,0
1265,588.500,139.000,86.500,0,0
1266,588.500,139.500,86.500,0,0
1267,589.000,139.500,86.500,0,0
1268,589.500,139.500,86.500,0,0
1269,590.000,139.500,86.500,0,0
1270,590.500,139.500,86.500,0,0
1271,591.000,139.500,86.500,0,0
1272,591.500,139.500,87.000,0,0
1273,592.000,139.500,87.000,0,0
1274,592.500,139.500,87.000,0,0
1275,593.000,139.500,87.000,0,0
1276,593.500,139.500,87.000,0,0
1277,594.000,139.500,87.000,0,0
1278,594.500,139.500,87.000,0,0
1279,595.000,139.500,87.000,0,0
1280,595.500,139.500,87.000,0,0
1281,596.000,139.500,87.000,0,0
1282,596.500,139.500,87.500,0,0
1283,597.000,139.500,87.500,0,0
1284,597.500,139.500,87.500,0,0
1285,598.000,140.000,87.500,0,0
1286,598.500,140.000,87.500,0,0
1287,599.000,140.000,87.500,0,0
1288,599.500,140.000,88.000,0,0
1289,600.000,140.500,88.500,0,0
1290,600.500,141.000,88.500,0,0
1291,600.500,141.000,88.500,0,0
1292,601.000,141.000,89.000,0,0
1293,601.500,141.000,89.000,0,0
1294,602.000,141.000,89.000,0,0
1295,602.500,141.000,89.000,0,0
1296,603.000,141.000,89.500,0,0
1297,603.500,141.000,89.500,0,0
1298,604.000,141.000,89.500,0,0
1299,604.500,141.500,89.500,0,0
1300,605.000,141.500,89.500,0,0
1301,605.500,142.000,89.500,0,0
1302,606.000,142.000,89.500,0,0
1303,606.500,142.000,90.000,0,0
1304,607.000,142.500,90.000,0,0
1305,607.500,143.000,90.000,0,0
1306,608.000,143.000,90.000,0,0
1307,608.500,143.000,90.000,0,0
1308,609.000,143.000,90.000,0,0
1309,609.500,143.000,90.000,0,0
1310,610.000,143.000,90.000,0,0
1311,610.500,143.000,90.500,0,0
1312,611.000,143.000,90.500,0,0
1313,611.500,143.000,90.500,0,0
1314,612.000,143.000,90.500,0,0
1315,612.500,143.000,90.500,0,0
1316,613.000,143.000,90.500,0,0
1317,613.500,143.000,90.500,0,0
1318,614.000,143.000,90.500,0,0
1319,614.500,143.000,90.500,0,0
1320,615.000,143.000,90.500,0,0
1321,615.500,143.000,90.500,0,0
1322,616.000,143.000,90.500,0,0
1323,616.500,143.000,90.500,0,0
1324,617.000,143.000,90.500,0,0
1325,617.500,143.500,91.000,0,0
1326,618.000,144.000,91.000,0,0
1327,618.500,144.500,91.000,0,0
1328,619.000,144.500,91.500,0,0
1329,619.500,144.500,91.500,0,0
1330,620.000,144.500,91.500,0,0
1331,620.500,144.500,91.500,0,0
1332,621.000,145.000,92.000,0,0
1333,621.500,145.000,92.000,0,0
1334,622.000,145.000,92.000,0,0
1335,622.500,145.000,92.500,0,0
1336,623.000,145.000,92.500,0,0
1337,623.500,145.000,92.500,0,0
1338,624.000,145.000,93.000,0,0
1339,624.500,145.000,93.000,0,0
1340,625.000,145.000,93.000,0,0
1341,625.500,145.500,93.000,0,0
1342,626.000,146.000,93.000,0,0
1343,626.500,146.000,93.000,0,0
1344,627.000,146.000,93.000,0,0
1345,627.500,146.000,93.000,0,0
1346,628.000,146.000,93.000,0,0
1347,628.500,146.000,93.000,0,0
1348,629.000,146.000,93.500,0,0
1349,629.500,146.000,93.500,0,0
1350,630.000,146.000,93.500,0,0
1351,630.500,146.000,93.500,0,0
1352,631.000,146.000,93.500,0,0
1353,631.500,146.000,93.500,0,0
1354,632.000,146.500,93.500,0,0
1355,632.500,146.500,93.500,0,0
1356,633.000,146.500,93.500,0,0
1357,633.500,147.000,93.500,0,0
1358,634.000,147.000,93.500,0,0
1359,634.500,147.500,93.500,0,0
1360,635.000,147.500,93.500,0,0
1361,635.500,147.500,93.500,0,0
1362,636.000,147.500,93.500,0,0
1363,636.500,147.500,93.500,0,0
1364,637.000,147.500,93.500,0,0
1365,637.500,147.500,93.500,0,0
1366,638.000,147.500,93.500,0,0
1367,638.500,147.500,93.500,0,0
1368,639.000,147.500,93.500,0,0
1369,639.500,147.500,93.500,0,0
1370,640.000,147.500,93.500,0,0
1371,640.500,147.500,94.000,0,0
1372,640.500,147.500,94.000,0,0
1373,641.000,147.500,94.000,0,0
1374,641.500,147.500,94.000,0,0
1375,642.000,147.500,94.000,0,0
1376,642.500,147.500,94.000,0,0
1377,643.000,147.500,94.000,0,0
1378,643.500,147.500,94.000,0,0
1379,644.000,147.500,94.500,0,0
1380,644.500,147.500,94.500,0,0
1381,645.000,148.000,94.500,0,0
1382,645.500,148.000,94.500,0,0
1383,646.000,148.500,95.000,0,0
1384,646.500,148.500,95.000,0,0
1385,647.000,149.000,95.000,0,0
1386,647.500,149.000,95.000,0,0
1387,648.000,149.500,95.000,0,0
1388,648.500,149.500,95.000,0,0
1389,649.000,149.500,95.000,0,0
1390,649.500,149.500,95.000,0,0
1391,650.000,149.500,95.000,0,0
1392,650.500,150.000,95.000,0,0
1393,651.000,150.000,95.500,0,0
1394,651.500,150.000,95.500,0,0
1395,652.000,150.000,95.500,0,0
1396,652.500,150.000,95.500,0,0
1397,653.000,150.000,95.500,0,0
1398,653.500,150.000,95.500,0,0
1399,654.000,150.000,95.500,0,0
1400,654.500,150.000,95.500,0,0
1401,655.000,150.500,96.000,0,0
1402,655.500,150.500,96.500,0,0
1403,656.000,150.500,97.000,0,0
1404,656.500,150.500,97.000,0,0
1405,657.000,150.500,97.000,0,0
1406,657.500,151.000,97.000,0,0
1407,658.000,151.000,97.000,0,0
1408,658.500,151.000,97.000,0,0
1409,659.000,151.000,97.500,0,0
1410,659.500,151.500,97.500,0,0
1411,660.000,151.500,98.000,0,0
1412,660.500,151.500,98.000,0,0
1413,661.000,152.000,98.000,0,0
1414,661.500,152.000,98.000,0,0
1415,662.000,152.000,98.000,0,0
1416,662.500,152.000,98.000,0,0
1417,663.000,152.000,98.000,0,0
1418,663.500,152.000,98.000,0,0
1419,664.000,152.000,98.000,0,0
1420,664.500,152.000,98.000,0,0
1421,665.000,152.000,98.000,0,0
1422,665.500,152.500,98.000,0,0
1423,666.000,152.500,98.000,0,0
1424,666.500,153.000,98.000,0,0
1425,667.000,153.000,98.000,0,0
1426,667.500,153.500,98.000,0,0
1427,668.000,153.500,98.000,0,0
1428,668.500,154.000,98.000,0,0
1429,669.000,154.000,98.000,0,0
1430,669.500,154.500,98.000,0,0
1431,670.000,155.000,98.000,0,0
1432,670.500,155.000,98.000,0,0
1433,671.000,155.000,98.000,0,0
1434,671.500,155.000,98.000,0,0
1435,672.000,155.000,98.000,0,0
1436,672.500,155.000,98.000,0,0
1437,673.000,155.000,98.000,0,0
1438,673.500,155.000,98.000,0,0
1439,674.000,155.500,98.000,0,0
1440,674.500,155.500,98.000,0,0
1441,675.000,156.000,98.500,0,0
1442,675.500,156.000,98.500,0,0
1443,676.000,156.500,98.500,0,0
1444,676.500,156.500,98.500,0,0
1445,677.000,157.000,98.500,0,0
1446,677.500,157.500,98.500,0,0
1447,678.000,158.000,98.500,0,0
1448,678.500,158.000,98.500,0,0
1449,679.000,158.000,98.500,0,0
1450,679.500,158.500,99.000,0,0
1451,680.000,158.500,99.000,0,0
1452,680.500,158.500,99.000,0,0
1453,681.000,158.500,99.000,0,0
1454,681.500,158.500,99.500,0,0
1455,682.000,158.500,99.500,0,0
1456,682.500,158.500,99.500,0,0
1457,683.000,158.500,99.500,0,0
1458,683.500,159.000,99.500,0,0
1459,684.000,159.000,99.500,0,0
1460,684.500,159.000,99.500,0,0
1461,685.000,159.000,99.500,0,0
1462,685.500,159.500,99.500,0,0
1463,686.000,159.500,99.500,0,0
1464,686.500,159.500,99.500,0,0
1465,687.000,160.000,99.500,0,0
1466,687.500,160.000,100.000,0,0
1467,688.000,160.000,100.000,0,0
1468,688.500,160.000,100.000,0,0
1469,689.000,160.000,100.000,0,0
1470,689.500,160.000,100.000,0,0
1471,690.000,160.500,100.000,0,0
1472,690.500,160.500,100.000,0,0
1473,691.000,161.000,100.000,0,0
1474,691.500,161.000,100.000,0,0
1475,692.000,161.000,100.000,0,0
1476,692.500,161.500,100.000,0,0
1477,693.000,161.500,100.000,0,0
1478,693.500,161.500,100.000,0,0
1479,694.000,161.500,100.000,0,0
1480,694.500,161.500,100.000,0,0
1481,695.000,161.500,100.000,0,0
1482,695.500,162.000,100.000,0,0
1483,696.000,162.000,100.500,0,0
1484,696.500,162.000,100.500,0,0
1485,697.000,162.000,101.000,0,0
1486,697.500,162.000,101.500,0,0
1487,698.000,162.500,101.500,0,0
1488,698.500,163.000,101.500,0,0
1489,699.000,163.000,101.500,0,0
1490,699.500,163.000,102.000,0,0
1491,700.000,163.500,102.000,0,0
1492,700.500,164.000,102.000,0,0
1493,701.000,164.000,102.000,0,0
1494,701.500,164.000,102.000,0,0
1495,702.000,164.000,102.500,0,0
1496,702.500,164.000,102.500,0,0
1497,702.500,164.000,102.500,0,0
1498,703.000,164.500,102.500,0,0
1499,703.500,164.500,102.500,0,0
1500,704.000,164.500,102.500,0,0
1501,704.500,164.500,102.500,0,0
1502,705.000,164.500,102.500,0,0
1503,705.500,164.500,102.500,0,0
1504,706.000,164.500,102.500,0,0
1505,706.500,164.500,102.500,0,0
1506,707.000,164.500,102.500,0,0
1507,707.500,164.500,102.500,0,0
1508,708.000,164.500,102.500,0,0
1509,708.500,165.000,102.500,0,0
1510,709.000,165.000,102.500,0,0
1511,709.500,165.000,102.500,0,0
1512,710.000,165.500,103.000,0,0
1513,710.500,165.500,103.000,0,0
1514,711.000,165.500,103.000,0,0
1515,711.500,165.500,103.000,0,0
1516,712.000,166.000,103.000,0,0
1517,712.500,166.000,103.000,0,0
1518,713.000,166.500,103.500,0,0
1519,713.500,166.500,103.500,0,0
1520,714.000,166.500,103.500,0,0
1521,714.500,166.500,103.500,0,0
1522,714.500,166.500,103.500,0,0
1523,715.000,166.500,103.500,0,0
1524,715.500,166.500,103.500,0,0
1525,716.000,166.500,103.500,0,0
1526,716.500,166.500,103.500,0,0
1527,717.000,166.500,103.500,0,0
1528,717.500,167.000,103.500,0,0
1529,718.000,167.000,103.500,0,0
1530,718.500,167.000,103.500,0,0
1531,719.000,167.000,103.500,0,0
1532,719.500,167.500,103.500,0,0
1533,720.000,167.500,103.500,0,0
1534,720.500,167.500,103.500,0,0
1535,721.000,167.500,103.500,0,0
1536,721.500,167.500,103.500,0,0
1537,722.000,167.500,103.500,0,0
1538,722.500,167.500,103.500,0,0
1539,723.000,167.500,103.500,0,0
1540,723.500,167.500,103.500,0,0
1541,724.000,167.500,103.500,0,0
1542,724.500,167.500,103.500,0,0
1543,725.000,167.500,103.500,0,0
1544,725.500,168.000,103.500,0,0
1545,726.000,168.500,103.500,0,0
1546,726.500,169.000,103.500,0,0
1547,727.000,169.000,103.500,0,0
1548,727.500,169.000,103.500,0,0
1549,728.000,169.000,103.500,0,0
1550,728.500,169.500,103.500,0,0
1551,729.000,169.500,103.500,0,0
1552,729.500,170.000,103.500,0,0
1553,730.000,170.000,103.500,0,0
1554,730.500,170.000,103.500,0,0
1555,731.000,170.000,103.500,0,0
1556,731.500,170.000,103.500,0,0
1557,732.000,170.000,103.500,0,0
1558,732.500,170.500,103.500,0,0
1559,733.000,170.500,103.500,0,0
1560,733.500,170.500,103.500,0,0
1561,734.000,170.500,103.500,0,0
1562,734.500,170.500,103.500,0,0
1563,735.000,171.000,103.500,0,0
1564,735.500,171.000,103.500,0,0
1565,736.000,171.000,103.500,0,0
1566,736.500,171.000,103.500,0,0
1567,737.000,171.500,103.500,0,0
1568,737.500,171.500,103.500,0,0
1569,738.000,171.500,103.500,0,0
1570,738.500,171.500,103.500,0,0
1571,739.000,172.000,103.500,0,0
1572,739.500,172.500,103.500,0,0
1573,740.000,172.500,103.500,0,0
1574,740.500,173.000,103.500,0,0
1575,741.000,173.000,103.500,0,0
1576,741.500,173.000,103.500,0,0
1577,742.000,173.000,104.000,0,0
1578,742.500,173.000,104.000,0,0
1579,743.000,173.500,104.000,0,0
1580,743.500,173.500,104.000,0,0
1581,744.000,174.000,104.000,0,0
1582,744.500,174.500,104.000,0,0
1583,745.000,174.500,104.000,0,0
1584,745.500,174.500,104.000,0,0
1585,746.000,174.500,104.000,0,0
1586,746.500,174.500,104.000,0,0
1587,747.000,174.500,104.000,0,0
1588,747.500,174.500,104.000,0,0
1589,748.000,175.000,104.000,0,0
1590,748.500,175.500,104.000,0,0
1591,749.000,175.500,104.000,0,0
1592,749.500,175.500,104.000,0,0
1593,750.000,175.500,104.000,0,0
1594,750.500,175.500,104.500,0,0
1595,751.000,175.500,104.500,0,0
1596,751.500,175.500,104.500,0,0
1597,752.000,175.500,104.500,0,0
1598,752.500,175.500,105.000,0,0
1599,753.000,175.500,105.000,0,0
1600,753.500,176.000,105.000,0,0
